{"cameraMode":{"drawMode":0,"name":"Shaded","section":"Shading Mode"},"sceneLighting":true,"audioPlay":false,"sceneViewState":{"showFog":true,"showMaterialUpdate":false,"showSkybox":true,"showFlares":true,"showImageEffects":true,"showParticleSystems":true},"in2DMode":false,"pivot":{"x":1.4236153364181519,"y":2.171048641204834,"z":1.37979257106781},"rotation":{"x":-0.1520252376794815,"y":0.6981984376907349,"z":-0.15562480688095094,"w":-0.6820511221885681},"size":81.52751159667969,"orthographic":false}